{"cameraMode":{"drawMode":0,"name":"Shaded","section":"Shading Mode"},"sceneLighting":true,"audioPlay":false,"sceneViewState":{"showFog":true,"showMaterialUpdate":true,"showSkybox":true,"showFlares":true,"showImageEffects":true,"showParticleSystems":true},"in2DMode":false,"pivot":{"x":-17.336685180664064,"y":-1.450605869293213,"z":0.7536759376525879},"rotation":{"x":0.4830044209957123,"y":0.08953504264354706,"z":-0.04971301183104515,"w":0.869608461856842},"size":8.330310821533204,"orthographic":false}