{"cameraMode":{"drawMode":0,"name":"Shaded","section":"Shading Mode"},"sceneLighting":false,"audioPlay":false,"sceneViewState":{"showFog":true,"showMaterialUpdate":false,"showSkybox":true,"showFlares":true,"showImageEffects":true,"showParticleSystems":true},"in2DMode":false,"pivot":{"x":28.748844146728517,"y":-32.64779281616211,"z":-7.426655292510986},"rotation":{"x":0.0028987505938857795,"y":0.7970957159996033,"z":-0.6038340330123901,"w":0.0038262540474534036},"size":46.01731491088867,"orthographic":false}