{"cameraMode":{"drawMode":0,"name":"Shaded","section":"Shading Mode"},"sceneLighting":true,"audioPlay":false,"sceneViewState":{"showFog":true,"showMaterialUpdate":true,"showSkybox":true,"showFlares":true,"showImageEffects":true,"showParticleSystems":true},"in2DMode":false,"pivot":{"x":3.079047918319702,"y":3.3794891834259035,"z":-2.2775728702545168},"rotation":{"x":0.12971429526805879,"y":-0.26430466771125796,"z":0.03589967265725136,"w":0.9550018906593323},"size":6.590917110443115,"orthographic":false}