{"cameraMode":{"drawMode":0,"name":"Shaded","section":"Shading Mode"},"sceneLighting":true,"audioPlay":false,"sceneViewState":{"showFog":true,"showMaterialUpdate":true,"showSkybox":true,"showFlares":true,"showImageEffects":true,"showParticleSystems":true},"in2DMode":false,"pivot":{"x":-5.681118965148926,"y":2.687904119491577,"z":1.4755964279174805},"rotation":{"x":-0.07645530998706818,"y":-0.5235403776168823,"z":0.047251030802726749,"w":-0.8472470045089722},"size":7.402910232543945,"orthographic":false}