{"cameraMode":{"drawMode":0,"name":"Shaded","section":"Shading Mode"},"sceneLighting":true,"audioPlay":false,"sceneViewState":{"showFog":true,"showMaterialUpdate":true,"showSkybox":true,"showFlares":true,"showImageEffects":true,"showParticleSystems":true},"in2DMode":false,"pivot":{"x":1.4343594312667847,"y":2.8661365509033205,"z":-1.3409713506698609},"rotation":{"x":-0.06042611971497536,"y":0.3473289906978607,"z":0.02242966927587986,"w":0.9355255961418152},"size":11.134296417236329,"orthographic":false}