{"cameraMode":{"drawMode":0,"name":"Shaded","section":"Shading Mode"},"sceneLighting":true,"audioPlay":false,"sceneViewState":{"showFog":true,"showMaterialUpdate":true,"showSkybox":true,"showFlares":true,"showImageEffects":true,"showParticleSystems":true},"in2DMode":false,"pivot":{"x":2.7303805351257326,"y":15.634723663330079,"z":9.385839462280274},"rotation":{"x":0.11655883491039276,"y":0.05419095233082771,"z":-0.00635035615414381,"w":0.9916839599609375},"size":58.98589324951172,"orthographic":false}