{"cameraMode":{"drawMode":0,"name":"Shaded","section":"Shading Mode"},"sceneLighting":false,"audioPlay":false,"sceneViewState":{"showFog":true,"showMaterialUpdate":true,"showSkybox":true,"showFlares":true,"showImageEffects":true,"showParticleSystems":true},"in2DMode":false,"pivot":{"x":20.635005950927736,"y":-8.129067420959473,"z":-5.368978977203369},"rotation":{"x":-0.004224580246955156,"y":-0.9041396975517273,"z":0.4271225333213806,"w":-0.008939627557992936},"size":20.897720336914064,"orthographic":false}