{"cameraMode":{"drawMode":0,"name":"Shaded","section":"Shading Mode"},"sceneLighting":true,"audioPlay":false,"sceneViewState":{"showFog":true,"showMaterialUpdate":true,"showSkybox":true,"showFlares":true,"showImageEffects":true,"showParticleSystems":true},"in2DMode":false,"pivot":{"x":-4.520356178283691,"y":38.33710479736328,"z":-35.41954040527344},"rotation":{"x":0.30908405780792239,"y":-0.06556104123592377,"z":0.021358510479331018,"w":0.9485318660736084},"size":35.8580207824707,"orthographic":false}