{"cameraMode":{"drawMode":0,"name":"Shaded","section":"Shading Mode"},"sceneLighting":false,"audioPlay":false,"sceneViewState":{"showFog":true,"showMaterialUpdate":true,"showSkybox":true,"showFlares":true,"showImageEffects":true,"showParticleSystems":true},"in2DMode":false,"pivot":{"x":-1.124457836151123,"y":-10.073773384094239,"z":17.030517578125},"rotation":{"x":0.3115798532962799,"y":0.08992068469524384,"z":-0.029630541801452638,"w":0.94549161195755},"size":28.908954620361329,"orthographic":false}