{"cameraMode":{"drawMode":0,"name":"Shaded","section":"Shading Mode"},"sceneLighting":true,"audioPlay":false,"sceneViewState":{"showFog":true,"showMaterialUpdate":true,"showSkybox":true,"showFlares":true,"showImageEffects":true,"showParticleSystems":true},"in2DMode":false,"pivot":{"x":11.139202117919922,"y":-2.699186086654663,"z":-1.298734426498413},"rotation":{"x":-0.12403371930122376,"y":-0.7041731476783752,"z":0.12704752385616303,"w":-0.6874698400497437},"size":17.225332260131837,"orthographic":false}