{"cameraMode":{"drawMode":0,"name":"Shaded","section":"Shading Mode"},"sceneLighting":false,"audioPlay":false,"sceneViewState":{"showFog":true,"showMaterialUpdate":true,"showSkybox":true,"showFlares":true,"showImageEffects":true,"showParticleSystems":true},"in2DMode":false,"pivot":{"x":1.2198436260223389,"y":-13.522269248962403,"z":18.15769386291504},"rotation":{"x":0.31867316365242007,"y":0.004566432908177376,"z":-0.0015337843215093017,"w":0.9478524327278137},"size":63.909645080566409,"orthographic":false}