{"cameraMode":{"drawMode":0,"name":"Shaded","section":"Shading Mode"},"sceneLighting":false,"audioPlay":false,"sceneViewState":{"showFog":true,"showMaterialUpdate":true,"showSkybox":true,"showFlares":true,"showImageEffects":true,"showParticleSystems":true},"in2DMode":false,"pivot":{"x":9.035392761230469,"y":-19.509122848510743,"z":24.06659698486328},"rotation":{"x":0.30993199348449709,"y":0.13236260414123536,"z":-0.04361695051193237,"w":0.9404891729354858},"size":41.79743957519531,"orthographic":false}