{"cameraMode":{"drawMode":0,"name":"Shaded","section":"Shading Mode"},"sceneLighting":false,"audioPlay":false,"sceneViewState":{"showFog":true,"showMaterialUpdate":true,"showSkybox":true,"showFlares":true,"showImageEffects":true,"showParticleSystems":true},"in2DMode":false,"pivot":{"x":0.8931857943534851,"y":-13.163134574890137,"z":20.685333251953126},"rotation":{"x":0.2785961329936981,"y":-0.004015928599983454,"z":0.001166907954029739,"w":0.9603992700576782},"size":111.95093536376953,"orthographic":false}