{"cameraMode":{"drawMode":0,"name":"Shaded","section":"Shading Mode"},"sceneLighting":false,"audioPlay":false,"sceneViewState":{"showFog":true,"showMaterialUpdate":true,"showSkybox":true,"showFlares":true,"showImageEffects":true,"showParticleSystems":true},"in2DMode":false,"pivot":{"x":20.179370880126954,"y":1.7351303100585938,"z":2.099240779876709},"rotation":{"x":-0.001308315433561802,"y":-0.8368265628814697,"z":0.5474629402160645,"w":-0.001997391227632761},"size":6.255201816558838,"orthographic":false}