{"cameraMode":{"drawMode":0,"name":"Shaded","section":"Shading Mode"},"sceneLighting":true,"audioPlay":false,"sceneViewState":{"showFog":true,"showMaterialUpdate":true,"showSkybox":true,"showFlares":true,"showImageEffects":true,"showParticleSystems":true},"in2DMode":false,"pivot":{"x":0.9042606353759766,"y":-2.1711740493774416,"z":-1.6618938446044922},"rotation":{"x":0.37990957498550417,"y":0.13986867666244508,"z":-0.05823073163628578,"w":0.9125319719314575},"size":16.709714889526368,"orthographic":false}