{"cameraMode":{"drawMode":0,"name":"Shaded","section":"Shading Mode"},"sceneLighting":true,"audioPlay":false,"sceneViewState":{"showFog":true,"showMaterialUpdate":true,"showSkybox":true,"showFlares":true,"showImageEffects":true,"showParticleSystems":true},"in2DMode":false,"pivot":{"x":-1.3877147436141968,"y":1.8526759147644044,"z":3.957120418548584},"rotation":{"x":-0.053736988455057147,"y":-0.3933737576007843,"z":0.023038918152451516,"w":-0.9175176620483398},"size":17.225332260131837,"orthographic":false}