{"cameraMode":{"drawMode":0,"name":"Shaded","section":"Shading Mode"},"sceneLighting":true,"audioPlay":false,"sceneViewState":{"showFog":true,"showMaterialUpdate":true,"showSkybox":true,"showFlares":true,"showImageEffects":true,"showParticleSystems":true},"in2DMode":false,"pivot":{"x":-0.8926339149475098,"y":137.8300018310547,"z":-0.012090921401977539},"rotation":{"x":0.4268764555454254,"y":-0.2576048970222473,"z":0.128292053937912,"w":0.8572965264320374},"size":12.549774169921875,"orthographic":false}