{"cameraMode":{"drawMode":0,"name":"Shaded","section":"Shading Mode"},"sceneLighting":true,"audioPlay":false,"sceneViewState":{"showFog":true,"showMaterialUpdate":true,"showSkybox":true,"showFlares":true,"showImageEffects":true,"showParticleSystems":true},"in2DMode":false,"pivot":{"x":-3.8380813598632814,"y":-0.9931221008300781,"z":3.101668357849121},"rotation":{"x":0.22147870063781739,"y":-0.03744174912571907,"z":0.008528568781912327,"w":0.9744088649749756},"size":10.575453758239746,"orthographic":false}