{"cameraMode":{"drawMode":0,"name":"Shaded","section":"Shading Mode"},"sceneLighting":true,"audioPlay":false,"sceneViewState":{"showFog":true,"showMaterialUpdate":true,"showSkybox":true,"showFlares":true,"showImageEffects":true,"showParticleSystems":true},"in2DMode":false,"pivot":{"x":-4.195446968078613,"y":3.5948567390441896,"z":-2.1518683433532717},"rotation":{"x":0.35223859548568728,"y":0.013192323967814446,"z":-0.004946626257151365,"w":0.9358042478561401},"size":5.171531677246094,"orthographic":false}