{"cameraMode":{"drawMode":0,"name":"Shaded","section":"Shading Mode"},"sceneLighting":false,"audioPlay":false,"sceneViewState":{"showFog":true,"showMaterialUpdate":true,"showSkybox":true,"showFlares":true,"showImageEffects":true,"showParticleSystems":true},"in2DMode":false,"pivot":{"x":0.5079418420791626,"y":-17.29469108581543,"z":25.837799072265626},"rotation":{"x":0.3257758617401123,"y":0.003137167077511549,"z":-0.001079044071957469,"w":0.9454412460327148},"size":42.4267463684082,"orthographic":false}