{"cameraMode":{"drawMode":0,"name":"Shaded","section":"Shading Mode"},"sceneLighting":false,"audioPlay":false,"sceneViewState":{"showFog":true,"showMaterialUpdate":true,"showSkybox":true,"showFlares":true,"showImageEffects":true,"showParticleSystems":true},"in2DMode":false,"pivot":{"x":-7.9770002365112309,"y":1.4249999523162842,"z":0.0},"rotation":{"x":0.14076773822307588,"y":0.48178741335868838,"z":-0.07873859256505966,"w":0.8613161444664002},"size":8.160396575927735,"orthographic":false}