{"cameraMode":{"drawMode":0,"name":"Shaded","section":"Shading Mode"},"sceneLighting":true,"audioPlay":false,"sceneViewState":{"showFog":true,"showMaterialUpdate":true,"showSkybox":true,"showFlares":true,"showImageEffects":true,"showParticleSystems":true},"in2DMode":false,"pivot":{"x":-6.776762962341309,"y":2.5141782760620119,"z":-1.0395679473876954},"rotation":{"x":0.4315950274467468,"y":0.02164629101753235,"z":-0.01036047376692295,"w":0.9017482399940491},"size":3.3648416996002199,"orthographic":false}