{"cameraMode":{"drawMode":0,"name":"Shaded","section":"Shading Mode"},"sceneLighting":false,"audioPlay":false,"sceneViewState":{"showFog":true,"showMaterialUpdate":true,"showSkybox":true,"showFlares":true,"showImageEffects":true,"showParticleSystems":true},"in2DMode":false,"pivot":{"x":20.529911041259767,"y":1.2727270126342774,"z":0.0},"rotation":{"x":0.004745267331600189,"y":-0.9041280150413513,"z":0.42711710929870608,"w":0.010047883726656437},"size":3.612710475921631,"orthographic":false}